City_ID,City,Country,Date,Lat,Lng,Max Temp,Humidity,Cloudiness,Wind Speed
0,Sao Filipe,CV,2022-01-24 15:39:45,14.8961,-24.4956,78.71,52,67,9.42
1,Albany,US,2022-01-24 15:35:59,42.6001,-73.9662,22.62,63,13,3.18
2,Shache,CN,2022-01-24 15:39:45,38.4167,77.2406,32.72,49,0,5.03
3,Busselton,AU,2022-01-24 15:35:55,-33.65,115.3333,62.1,77,2,10.8
4,Comodoro Rivadavia,AR,2022-01-24 15:39:46,-45.8667,-67.5,75.06,23,0,18.41
5,Punta Arenas,CL,2022-01-24 15:36:43,-53.15,-70.9167,55.51,58,0,21.85
6,Lar,IN,2022-01-24 15:39:46,26.2039,83.9717,59.67,76,8,6.64
7,Castro,BR,2022-01-24 15:34:50,-24.7911,-50.0119,87.04,42,0,4.21
8,San Patricio,US,2022-01-24 15:39:47,28.017,-97.5169,55.89,88,100,10.54
9,Contamana,PE,2022-01-24 15:39:47,-7.3333,-75.0167,86.56,67,79,3.04
10,Provideniya,RU,2022-01-24 15:39:48,64.3833,-173.3,-0.6,99,98,6.55
11,Port Alfred,ZA,2022-01-24 15:39:48,-33.5906,26.891,75.67,74,5,8.97
12,Ushuaia,AR,2022-01-24 15:38:25,-54.8,-68.3,51.42,66,75,13.8
13,Khash,IR,2022-01-24 15:39:49,28.2211,61.2158,47.86,23,0,4.47
14,Namatanai,PG,2022-01-24 15:39:49,-3.6667,152.4333,79.5,81,46,1.99
15,Novyy Urgal,RU,2022-01-24 15:39:49,51.0736,132.5642,-24.7,100,89,1.34
16,Elk Plain,US,2022-01-24 15:39:50,47.0532,-122.3976,37.15,97,100,1.01
17,Aksha,RU,2022-01-24 15:39:50,50.2814,113.2867,1.15,97,100,3.11
18,Saint-Philippe,RE,2022-01-24 15:39:51,-21.3585,55.7679,78.39,75,97,16.42
19,Zenzeli,RU,2022-01-24 15:39:51,45.9241,47.0474,34.16,80,100,11.52
20,Jensen Beach,US,2022-01-24 15:39:51,27.2545,-80.2298,56.01,72,20,7.0
21,Mataura,NZ,2022-01-24 15:35:53,-46.1927,168.8643,42.28,98,84,1.3
22,Madison Heights,US,2022-01-24 15:39:52,42.4859,-83.1052,19.83,83,100,4.0
23,Bluff,NZ,2022-01-24 15:39:52,-46.6,168.3333,50.63,83,100,9.44
24,Cherskiy,RU,2022-01-24 15:39:53,68.75,161.3,-27.2,99,100,7.45
25,Port Hardy,CA,2022-01-24 15:39:53,50.6996,-127.4199,38.75,100,100,3.44
26,Srednekolymsk,RU,2022-01-24 15:36:58,67.45,153.6833,-27.15,99,98,7.07
27,Sola,VU,2022-01-24 15:39:54,-13.8833,167.55,75.87,94,20,0.0
28,Quatre Cocos,MU,2022-01-24 15:39:54,-20.2078,57.7625,78.91,73,80,21.47
29,Fairbanks,US,2022-01-24 15:38:22,64.8378,-147.7164,39.54,77,100,9.22
30,Cheyenne,US,2022-01-24 15:38:56,41.14,-104.8203,36.19,50,0,5.75
31,Lorengau,PG,2022-01-24 15:39:55,-2.0226,147.2712,80.94,77,30,4.12
32,Sorab,IN,2022-01-24 15:39:56,14.3833,75.1,60.28,86,0,6.46
33,Fortuna,US,2022-01-24 15:39:56,40.5982,-124.1573,35.94,59,23,4.05
34,Severo-Kurilsk,RU,2022-01-24 15:39:56,50.6789,156.125,22.62,72,92,9.48
35,Lazurne,UA,2022-01-24 15:39:57,46.084,32.5295,27.79,90,100,17.36
36,Camiri,BO,2022-01-24 15:39:57,-20.05,-63.5167,76.78,78,75,0.0
37,Atuona,PF,2022-01-24 15:39:57,-9.8,-139.0333,77.99,77,9,17.87
38,Hetauda,NP,2022-01-24 15:39:58,27.4284,85.0322,60.15,83,51,4.25
39,Rikitea,PF,2022-01-24 15:39:58,-23.1203,-134.9692,78.1,74,100,18.97
40,Tual,ID,2022-01-24 15:39:59,-5.6667,132.75,83.43,78,99,12.68
41,Butaritari,KI,2022-01-24 15:35:56,3.0707,172.7902,82.09,69,58,14.05
42,Codrington,AU,2022-01-24 15:36:59,-38.2667,141.9667,72.23,51,100,8.28
43,Barrow,US,2022-01-24 15:39:59,71.2906,-156.7887,6.82,78,100,24.16
44,Vaini,TO,2022-01-24 15:41:00,-21.2,-175.2,75.36,100,20,3.44
45,Chuy,UY,2022-01-24 15:41:00,-33.6971,-53.4616,84.7,63,43,5.95
46,Saskylakh,RU,2022-01-24 15:41:01,71.9167,114.0833,-10.75,95,97,5.06
47,Bredasdorp,ZA,2022-01-24 15:41:01,-34.5322,20.0403,75.27,69,4,16.11
48,Bethel,US,2022-01-24 15:41:01,41.3712,-73.414,29.17,67,40,1.01
49,Wanning,CN,2022-01-24 15:41:02,18.8003,110.3967,71.69,89,18,3.58
50,Eureka,US,2022-01-24 15:37:26,40.8021,-124.1637,36.21,61,19,4.27
51,Khatanga,RU,2022-01-24 15:41:02,71.9667,102.5,0.36,95,100,13.6
52,Tuktoyaktuk,CA,2022-01-24 15:41:03,69.4541,-133.0374,1.4,85,40,10.36
53,Kapaa,US,2022-01-24 15:41:03,22.0752,-159.319,71.92,65,0,13.8
54,Bajil,YE,2022-01-24 15:41:03,15.0584,43.2851,80.24,64,57,6.55
55,Caravelas,BR,2022-01-24 15:41:04,-17.7125,-39.2481,84.49,61,99,8.32
56,Vila Velha,BR,2022-01-24 15:37:16,-20.3297,-40.2925,89.44,57,20,8.01
57,Georgetown,MY,2022-01-24 15:39:51,5.4112,100.3354,82.33,88,20,1.99
58,Yellowknife,CA,2022-01-24 15:41:04,62.456,-114.3525,-19.44,91,20,6.91
59,Port Blair,IN,2022-01-24 15:41:05,11.6667,92.75,75.24,83,40,0.0
60,Hilo,US,2022-01-24 15:40:00,19.7297,-155.09,67.24,79,0,9.22
61,Ust-Nera,RU,2022-01-24 15:41:05,64.5667,143.2,-29.45,98,99,3.33
62,Axim,GH,2022-01-24 15:41:06,4.8699,-2.2405,84.34,64,80,11.45
63,Kaitangata,NZ,2022-01-24 15:41:06,-46.2817,169.8464,45.66,93,100,4.34
64,Hermanus,ZA,2022-01-24 15:38:24,-34.4187,19.2345,77.9,78,41,8.46
65,Auki,SB,2022-01-24 15:41:07,-8.7676,160.7034,79.39,87,81,5.08
66,Raudeberg,NO,2022-01-24 15:41:07,61.9875,5.1352,40.87,93,100,5.99
67,Dalby,AU,2022-01-24 15:41:07,-27.1833,151.2667,69.98,81,100,6.6
68,Sioux Lookout,CA,2022-01-24 15:41:08,50.1001,-91.917,-18.02,76,20,5.75
69,Bukachacha,RU,2022-01-24 15:41:08,52.9833,116.9167,0.61,94,100,2.73
70,Celestun,MX,2022-01-24 15:41:09,20.8667,-90.4,75.9,63,0,9.01
71,Mazatlan,MX,2022-01-24 15:39:27,23.2167,-106.4167,67.01,83,100,0.0
72,Touros,BR,2022-01-24 15:40:45,-5.1989,-35.4608,88.7,55,38,12.06
73,Divnomorskoye,RU,2022-01-24 15:41:09,44.5011,38.1353,36.61,83,100,12.12
74,Ambilobe,MG,2022-01-24 15:41:10,-13.2,49.05,71.28,98,100,3.31
75,Broome,US,2022-01-24 15:41:10,42.2506,-75.833,17.69,70,0,1.99
76,Ponta Do Sol,PT,2022-01-24 15:41:10,32.6667,-17.1,66.0,77,91,5.84
77,Cabo San Lucas,MX,2022-01-24 15:41:11,22.8909,-109.9124,69.51,62,52,1.36
78,Los Llanos De Aridane,ES,2022-01-24 15:41:11,28.6585,-17.9182,68.13,51,75,8.01
79,King City,US,2022-01-24 15:41:11,36.2127,-121.126,49.23,47,0,1.74
80,Iwata,JP,2022-01-24 15:41:12,34.7,137.85,44.02,78,49,1.99
81,Katsuura,JP,2022-01-24 15:41:12,35.1333,140.3,39.31,61,4,14.43
82,Saint George,US,2022-01-24 15:38:41,37.1041,-113.5841,49.35,74,0,0.0
83,Cape Town,ZA,2022-01-24 15:41:13,-33.9258,18.4232,79.11,67,75,7.0
84,Larsnes,NO,2022-01-24 15:41:13,62.2028,5.5773,41.68,88,100,14.47
85,Carnarvon,AU,2022-01-24 15:41:14,-24.8667,113.6333,77.07,78,0,24.16
86,Byron Bay,AU,2022-01-24 15:39:27,-28.65,153.6167,72.88,83,100,5.59
87,Parabel,RU,2022-01-24 15:41:14,58.6978,81.4825,-2.97,100,93,4.45
88,Hambantota,LK,2022-01-24 15:41:15,6.1241,81.1185,73.74,100,20,1.14
89,Iwanai,JP,2022-01-24 15:41:15,42.9744,140.5089,18.18,96,92,2.13
90,Saldanha,ZA,2022-01-24 15:38:10,-33.0117,17.9442,78.85,80,21,26.08
91,La Romana,DO,2022-01-24 15:41:15,18.4273,-68.9728,80.96,78,40,0.0
92,Airai,TL,2022-01-24 15:42:16,-8.9266,125.4092,61.75,89,97,1.88
93,Ossora,RU,2022-01-24 15:42:16,59.2353,163.0719,-18.85,92,6,4.25
94,Tasiilaq,GL,2022-01-24 15:42:17,65.6145,-37.6368,19.56,59,100,12.91
95,Sundsvall,SE,2022-01-24 15:42:17,62.3913,17.3063,36.97,64,13,2.3
96,Pevek,RU,2022-01-24 15:42:17,69.7008,170.3133,-17.27,98,100,9.48
97,Deputatskiy,RU,2022-01-24 15:42:18,69.3,139.9,-15.59,97,100,3.87
98,Linqiong,CN,2022-01-24 15:42:18,30.4159,103.4609,49.82,88,100,5.23
99,Sitka,US,2022-01-24 15:42:19,57.0531,-135.33,35.49,93,75,6.91
100,Hasaki,JP,2022-01-24 15:42:19,35.7333,140.8333,34.2,58,4,19.44
101,Silvassa,IN,2022-01-24 15:42:19,20.2667,73.0167,60.3,45,0,4.65
102,Jaleswar,NP,2022-01-24 15:42:20,26.6471,85.8008,59.94,80,7,4.5
103,Ishigaki,JP,2022-01-24 15:42:20,24.3448,124.1572,69.3,73,95,19.73
104,Vidalia,US,2022-01-24 15:41:47,32.2177,-82.4135,49.95,46,0,0.0
105,Jiangyou,CN,2022-01-24 15:42:21,31.7667,104.7167,46.63,81,100,1.12
106,Jamestown,US,2022-01-24 15:42:21,42.097,-79.2353,16.02,45,99,5.01
107,Reconquista,AR,2022-01-24 15:40:11,-29.15,-59.65,105.03,25,88,4.94
108,Saint Anthony,US,2022-01-24 15:42:21,45.0205,-93.218,7.25,77,0,7.0
109,Muisne,EC,2022-01-24 15:42:22,0.6,-80.0333,78.24,87,98,9.01
110,Payo,ID,2022-01-24 15:42:22,-3.7508,103.6372,74.44,97,100,2.35
111,Itarema,BR,2022-01-24 15:40:00,-2.9248,-39.9167,88.25,52,82,12.97
112,Khandyga,RU,2022-01-24 15:42:23,62.6667,135.6,-21.26,98,100,3.2
113,Moratuwa,LK,2022-01-24 15:42:23,6.773,79.8816,82.42,74,68,1.7
114,Barrie,CA,2022-01-24 15:38:24,44.4001,-79.6663,14.72,74,98,12.64
115,Ipatinga,BR,2022-01-24 15:42:24,-19.4683,-42.5367,84.27,48,20,9.22
116,Chokurdakh,RU,2022-01-24 15:42:24,70.6333,147.9167,-20.38,99,100,5.28
117,Flinders,AU,2022-01-24 15:42:24,-34.5833,150.8552,70.38,81,91,4.12
118,Hastings,GB,2022-01-24 15:42:25,50.8552,0.5729,41.81,76,13,8.05
119,Mhlume,SZ,2022-01-24 15:42:25,-26.0333,31.85,83.86,70,38,8.86
120,Hobart,AU,2022-01-24 15:38:20,-42.8794,147.3294,63.05,85,100,6.91
121,Okha,RU,2022-01-24 15:42:26,53.5739,142.9478,-5.51,97,100,10.33
122,Bosaso,SO,2022-01-24 15:42:26,11.2842,49.1816,74.7,68,34,8.37
123,Guerrero Negro,MX,2022-01-24 15:38:49,27.9769,-114.0611,60.82,61,0,7.34
124,Constitucion,CL,2022-01-24 15:42:27,-35.3333,-72.4167,71.26,58,3,14.88
125,Chichawatni,PK,2022-01-24 15:42:27,30.5333,72.7,55.35,58,51,6.4
126,Lacolle,CA,2022-01-24 15:42:27,45.0834,-73.3659,12.58,71,47,1.97
127,Port Elizabeth,ZA,2022-01-24 15:42:28,-33.918,25.5701,79.11,73,0,33.38
128,Pacific Grove,US,2022-01-24 15:41:52,36.6177,-121.9166,54.57,65,0,6.91
129,Avarua,CK,2022-01-24 15:42:29,-21.2078,-159.775,80.65,89,75,11.5
130,San Andres,CO,2022-01-24 15:39:13,12.5847,-81.7006,82.42,69,20,13.8
131,Labuhan,ID,2022-01-24 15:42:29,-6.8844,112.2051,79.36,85,48,12.73
132,Butembo,CD,2022-01-24 15:42:29,0.15,29.2833,61.52,86,100,2.39
133,Esperance,AU,2022-01-24 15:42:30,-33.8667,121.9,62.44,87,32,11.18
134,Chalmette,US,2022-01-24 15:42:30,29.9427,-89.9634,53.01,65,0,3.44
135,Hithadhoo,MV,2022-01-24 15:42:31,-0.6,73.0833,81.86,72,84,11.81
136,Ilulissat,GL,2022-01-24 15:42:31,69.2167,-51.1,15.82,48,100,19.57
137,Aykhal,RU,2022-01-24 15:42:31,66.0,111.5,-12.82,100,100,4.85
138,Qaanaaq,GL,2022-01-24 15:42:32,77.484,-69.3632,-9.85,93,96,6.46
139,Vanimo,PG,2022-01-24 15:42:32,-2.6741,141.3028,77.49,85,97,3.29
140,Torbay,CA,2022-01-24 15:43:32,47.6666,-52.7314,33.76,91,100,16.11
141,Lebu,CL,2022-01-24 15:43:33,-37.6167,-73.65,64.44,72,6,17.22
142,Sambava,MG,2022-01-24 15:43:33,-14.2667,50.1667,77.86,84,100,2.86
143,Bambous Virieux,MU,2022-01-24 15:43:34,-20.3428,57.7575,79.05,69,40,13.8
144,Norman Wells,CA,2022-01-24 15:43:34,65.282,-126.8329,6.84,85,100,10.36
145,Aklavik,CA,2022-01-24 15:43:34,68.2191,-135.0107,12.92,85,75,11.5
146,Coquimbo,CL,2022-01-24 15:41:40,-29.9533,-71.3436,65.93,77,20,13.8
147,Shepsi,RU,2022-01-24 15:43:35,44.0361,39.1489,39.67,79,100,8.14
148,Latehar,IN,2022-01-24 15:43:35,23.75,84.5,58.05,78,42,2.26
149,Saint-Francois,FR,2022-01-24 15:43:36,46.4154,3.9054,44.67,70,0,2.3
150,Port Keats,AU,2022-01-24 15:43:36,-14.25,129.55,79.52,87,98,11.59
151,Port-Cartier,CA,2022-01-24 15:40:12,50.0334,-66.8654,2.75,75,39,7.67
152,Omboue,GA,2022-01-24 15:43:37,-1.5746,9.2618,81.43,73,38,8.5
153,Sibu,MY,2022-01-24 15:43:37,2.3,111.8167,75.51,100,40,1.01
154,New Norfolk,AU,2022-01-24 15:43:38,-42.7826,147.0587,62.71,68,100,0.56
155,Fort Nelson,CA,2022-01-24 15:43:38,58.8053,-122.7002,-1.35,99,55,2.19
156,Jiexiu,CN,2022-01-24 15:43:38,37.0244,111.9125,34.41,81,13,7.45
157,Husavik,IS,2022-01-24 15:43:39,66.0449,-17.3389,31.91,82,45,9.44
158,Jinchang,CN,2022-01-24 15:43:39,38.4953,102.1739,23.76,50,2,2.86
159,Pula,HR,2022-01-24 15:43:00,44.8683,13.8481,46.29,60,20,9.22
160,Espinosa,BR,2022-01-24 15:43:40,-14.9261,-42.8192,85.32,51,75,5.1
161,Sedona,US,2022-01-24 15:40:38,34.8697,-111.761,51.49,45,0,6.91
162,Binon-An,PH,2022-01-24 15:43:41,11.3947,123.1426,77.92,86,100,13.69
163,Grindavik,IS,2022-01-24 15:43:41,63.8424,-22.4338,36.07,87,100,11.5
164,Katobu,ID,2022-01-24 15:43:41,-4.9408,122.5276,76.95,86,58,0.16
165,Ribeira Grande,PT,2022-01-24 15:43:42,38.5167,-28.7,63.0,63,20,4.61
166,Lompoc,US,2022-01-24 15:42:35,34.6391,-120.4579,55.94,75,0,10.36
167,Christchurch,NZ,2022-01-24 15:43:42,-43.5333,172.6333,59.47,92,75,1.14
168,Yulara,AU,2022-01-24 15:43:43,-25.2406,130.9889,82.24,36,0,9.22
169,Vestmanna,FO,2022-01-24 15:43:43,62.1564,-7.1664,38.32,81,75,6.91
170,Bismil,TR,2022-01-24 15:43:43,37.8486,40.6658,41.11,84,71,8.12
171,Srandakan,ID,2022-01-24 15:43:44,-7.9386,110.2506,79.7,79,100,8.52
172,Ngunguru,NZ,2022-01-24 15:40:36,-35.6167,174.5,69.17,79,93,14.81
173,Dalian,CN,2022-01-24 15:43:44,38.9122,121.6022,34.63,63,6,4.47
174,Dikson,RU,2022-01-24 15:43:45,73.5069,80.5464,9.14,92,100,27.31
175,Camabatela,AO,2022-01-24 15:43:45,-8.1881,15.375,69.76,81,100,1.59
176,Bengkulu,ID,2022-01-24 15:43:45,-3.8004,102.2655,77.54,81,100,1.63
177,Coihaique,CL,2022-01-24 15:43:46,-45.5752,-72.0662,63.21,55,40,12.66
178,Diu,IN,2022-01-24 15:43:46,20.7141,70.9822,62.37,52,0,2.3
179,Praxedis Guerrero,MX,2022-01-24 15:43:47,31.3667,-106.0167,40.42,52,2,11.23
180,Nantucket,US,2022-01-24 15:43:10,41.2835,-70.0995,36.09,68,0,10.36
181,Upernavik,GL,2022-01-24 15:43:47,72.7868,-56.1549,-4.88,73,92,9.17
182,Neryungri,RU,2022-01-24 15:43:47,56.6709,124.6491,-19.53,100,74,1.48
183,Broken Hill,AU,2022-01-24 15:43:48,-31.95,141.4333,73.11,73,75,6.91
184,Padang,ID,2022-01-24 15:43:48,-0.9492,100.3543,77.05,79,100,3.04
185,Pitimbu,BR,2022-01-24 15:43:49,-7.4706,-34.8086,88.39,61,26,10.78
186,Clarksburg,US,2022-01-24 15:44:49,39.2807,-80.3445,31.21,68,40,6.91
187,Imbituba,BR,2022-01-24 15:44:49,-28.24,-48.6703,89.49,58,63,17.31
188,Ormara,PK,2022-01-24 15:44:50,25.2088,64.6357,67.24,34,0,5.5
189,Biak,ID,2022-01-24 15:44:50,-0.9131,122.8766,76.96,84,48,4.7
190,Cuenca,EC,2022-01-24 15:44:34,-2.8833,-78.9833,62.73,77,100,3.44
191,Marshall,US,2022-01-24 15:41:22,34.3834,-86.3333,47.32,69,0,3.0
192,Sinnamary,GF,2022-01-24 15:44:51,5.3833,-52.95,76.98,86,96,9.66
193,Bandarbeyla,SO,2022-01-24 15:44:51,9.4942,50.8122,75.25,66,96,21.54
194,East London,ZA,2022-01-24 15:41:01,-33.0153,27.9116,74.34,73,0,17.27
195,Ancud,CL,2022-01-24 15:44:52,-41.8697,-73.8203,63.43,70,55,5.95
196,Oksfjord,NO,2022-01-24 15:44:52,70.2396,22.3479,28.99,82,100,31.45
197,Osypenko,UA,2022-01-24 15:44:53,46.9136,36.8253,28.02,96,100,12.75
198,Victoria,HK,2022-01-24 15:44:30,22.2855,114.1577,68.38,87,100,1.01
199,Bridlington,GB,2022-01-24 15:44:53,54.0831,-0.1919,42.3,85,0,7.78
200,Kilindoni,TZ,2022-01-24 15:44:53,-7.9139,39.6668,81.46,77,88,21.81
201,Albi,FR,2022-01-24 15:44:54,43.9298,2.148,60.04,70,0,2.53
202,Gombong,ID,2022-01-24 15:44:54,-7.6072,109.5142,79.11,87,99,2.73
203,Nizhniy Kuranakh,RU,2022-01-24 15:44:55,58.8353,125.4869,-14.57,99,54,3.62
204,Ruteng,ID,2022-01-24 15:44:55,-8.6136,120.4721,64.08,91,99,1.03
205,Kamenka,RU,2022-01-24 15:44:56,51.3223,42.7678,12.74,94,40,9.24
206,Narsaq,GL,2022-01-24 15:44:56,60.9167,-46.05,30.42,89,100,5.82
207,Clyde River,CA,2022-01-24 15:44:56,70.4692,-68.5914,-1.97,84,100,29.93
208,Thompson,CA,2022-01-24 15:44:57,55.7435,-97.8558,-23.64,69,40,10.36
209,Sarankhola,BD,2022-01-24 15:44:57,22.3082,89.7897,64.45,87,94,3.09
210,Kruisfontein,ZA,2022-01-24 15:44:57,-34.0033,24.7314,76.89,72,4,21.56
211,Belyy Yar,RU,2022-01-24 15:44:58,53.6039,91.3903,-9.51,78,75,0.0
212,Mount Isa,AU,2022-01-24 15:41:47,-20.7333,139.5,74.97,100,75,8.05
213,Saint-Pierre,RE,2022-01-24 15:44:58,-21.3393,55.4781,78.48,69,100,27.63
214,Sakaiminato,JP,2022-01-24 15:44:59,35.55,133.2333,42.78,61,75,10.36
215,Kavieng,PG,2022-01-24 15:44:59,-2.5744,150.7967,82.15,75,98,5.5
216,Konakovo,RU,2022-01-24 15:44:59,56.7,36.7667,7.59,97,43,5.12
217,Faanui,PF,2022-01-24 15:45:00,-16.4833,-151.75,80.92,74,100,11.32
218,Honiara,SB,2022-01-24 15:44:48,-9.4333,159.95,79.07,89,52,4.72
219,Nikolskoye,RU,2022-01-24 15:45:00,59.7035,30.7861,31.87,92,100,11.9
220,Ixtapa,MX,2022-01-24 15:45:01,20.7,-105.2,74.23,78,100,3.44
221,La Ronge,CA,2022-01-24 15:45:01,55.1001,-105.2842,-27.18,75,40,2.3
222,Zhigansk,RU,2022-01-24 15:45:02,66.7697,123.3711,-16.19,100,95,1.19
223,Bukama,CD,2022-01-24 15:45:02,-9.2,25.85,75.2,89,65,2.98
224,Tarrafal,CV,2022-01-24 15:45:03,15.2833,-23.7667,81.39,66,41,13.98
225,Puerto Ayora,EC,2022-01-24 15:45:03,-0.7393,-90.3518,82.36,77,94,8.39
226,Yatou,CN,2022-01-24 15:45:04,37.15,122.3833,29.77,74,100,6.76
227,Cidreira,BR,2022-01-24 15:45:04,-30.1811,-50.2056,85.91,66,36,8.77
228,Teluk Nibung,ID,2022-01-24 15:45:04,3.001,99.8164,75.9,92,100,4.29
229,Lewisville,US,2022-01-24 15:45:05,33.0462,-96.9942,54.36,67,40,1.01
230,Tutoia,BR,2022-01-24 15:45:05,-2.7619,-42.2744,89.58,65,97,11.81
231,Mandal,IN,2022-01-24 15:45:06,25.45,74.5667,54.25,46,0,6.2
232,Mahebourg,MU,2022-01-24 15:46:06,-20.4081,57.7,79.09,69,40,13.8
233,Jizan,SA,2022-01-24 15:46:06,17.3333,42.6667,81.54,56,0,11.07
234,Hobyo,SO,2022-01-24 15:46:07,5.3505,48.5268,77.02,70,27,21.97
235,Mikhaylovka,RU,2022-01-24 15:46:07,50.06,43.2379,14.79,95,100,9.53
236,Lasa,IT,2022-01-24 15:46:09,46.6166,10.7002,54.48,79,1,5.26
237,Rocha,UY,2022-01-24 15:46:09,-34.4833,-54.3333,86.63,61,33,4.12
238,Lhokseumawe,ID,2022-01-24 15:46:10,5.1801,97.1507,76.98,86,89,5.39
239,Nabire,ID,2022-01-24 15:46:10,-3.3667,135.4833,77.05,92,100,3.74
240,Eyl,SO,2022-01-24 15:46:11,7.9803,49.8164,75.2,66,4,22.08
241,Kushiro,JP,2022-01-24 15:46:11,42.975,144.3747,16.14,82,67,5.91
242,Atar,MR,2022-01-24 15:46:12,20.5169,-13.0499,89.65,10,100,6.91
243,Owando,CG,2022-01-24 15:46:12,-0.4819,15.8999,92.61,34,74,1.79
244,Tiksi,RU,2022-01-24 15:46:13,71.6872,128.8694,-10.43,98,100,3.24
245,Vila Do Maio,CV,2022-01-24 15:46:13,15.1333,-23.2167,81.39,74,66,8.63
246,Galle,LK,2022-01-24 15:46:13,6.0367,80.217,76.57,78,35,2.64
247,Goderich,CA,2022-01-24 15:45:25,43.7501,-81.7165,16.92,92,100,20.07
248,Cuauhtemoc,MX,2022-01-24 15:46:14,28.4167,-106.8667,27.72,54,3,9.64
249,Kodiak,US,2022-01-24 15:44:34,57.79,-152.4072,42.31,81,100,12.66
250,Bud,US,2022-01-24 15:46:14,39.447,-86.1758,33.69,69,100,15.3
251,Mount Gambier,AU,2022-01-24 15:46:15,-37.8333,140.7667,64.31,77,100,6.91
252,Skelleftea,SE,2022-01-24 15:46:15,64.7507,20.9528,37.0,51,0,4.0
253,Berlevag,NO,2022-01-24 15:46:16,70.8578,29.0864,26.55,93,100,37.98
254,Porbandar,IN,2022-01-24 15:42:29,21.6422,69.6093,65.93,40,0,9.26
255,Cockburn Town,TC,2022-01-24 15:46:16,21.4612,-71.1419,80.56,65,20,6.91
256,Duluth,US,2022-01-24 15:43:00,46.7833,-92.1066,4.41,68,0,1.01
257,Mawlaik,MM,2022-01-24 15:46:17,23.6333,94.4167,60.62,84,100,2.98
258,Garden City,US,2022-01-24 15:45:05,42.3256,-83.331,19.81,83,100,1.99
259,Teguldet,RU,2022-01-24 15:46:18,57.3064,88.1667,2.21,98,100,4.92
260,Namibe,AO,2022-01-24 15:46:18,-15.1961,12.1522,78.37,79,25,12.5
261,Lishu,CN,2022-01-24 15:46:19,43.3047,124.3278,13.06,66,14,2.66
262,Nouadhibou,MR,2022-01-24 15:46:19,20.931,-17.0347,75.18,64,20,10.36
263,Muskogee,US,2022-01-24 15:46:19,35.5834,-95.3336,48.45,72,0,6.91
264,Aragats,AM,2022-01-24 15:46:20,40.4889,44.3528,17.17,93,95,2.17
265,Sept-Iles,CA,2022-01-24 15:45:38,50.2001,-66.3821,2.05,68,20,1.99
266,Country Club,US,2022-01-24 15:43:16,25.9482,-80.317,56.01,66,0,11.5
267,Tuatapere,NZ,2022-01-24 15:46:20,-46.1333,167.6833,45.37,94,85,2.62
268,Shimoda,JP,2022-01-24 15:46:21,34.6667,138.95,40.1,65,100,9.71
269,Denpasar,ID,2022-01-24 15:42:31,-8.65,115.2167,83.86,74,40,14.97
270,Sechura,PE,2022-01-24 15:46:21,-5.5569,-80.8222,80.46,59,93,9.71
271,Bijar,IR,2022-01-24 15:46:22,35.8668,47.6051,11.93,86,4,4.56
272,Richards Bay,ZA,2022-01-24 15:46:22,-28.783,32.0377,78.6,69,9,15.26
273,Katherine,AU,2022-01-24 15:46:23,-14.4667,132.2667,79.12,89,100,6.91
274,Tautira,PF,2022-01-24 15:46:24,-17.7333,-149.15,78.82,79,100,15.64
275,Jiwani,PK,2022-01-24 15:46:24,25.05,61.7417,67.96,29,0,6.2
276,Nishihara,JP,2022-01-24 15:46:24,26.1842,127.7558,65.48,83,75,10.36
277,San Quintin,MX,2022-01-24 15:46:25,30.4833,-115.95,59.86,55,0,4.03
278,Kavaratti,IN,2022-01-24 15:47:25,10.5669,72.642,79.34,60,100,12.97
279,Nuuk,GL,2022-01-24 15:47:26,64.1835,-51.7216,32.61,55,100,11.5
280,Opatija,HR,2022-01-24 15:47:26,45.3392,14.3083,46.18,70,35,5.28
281,Vadso,NO,2022-01-24 15:47:26,70.0744,29.7487,30.36,69,20,28.77
282,Sarakhs,IR,2022-01-24 15:47:27,36.5449,61.1577,42.94,56,2,4.61
283,Acarau,BR,2022-01-24 15:47:27,-2.8856,-40.12,88.05,53,78,14.32
284,Adrar,MR,2022-01-24 15:47:28,20.5022,-10.0711,82.45,12,97,12.93
285,Waipawa,NZ,2022-01-24 15:47:28,-41.4122,175.5153,63.45,94,68,4.54
286,Hornepayne,CA,2022-01-24 15:47:28,49.2138,-84.7705,-5.8,91,88,5.46
287,Alta,NO,2022-01-24 15:47:29,69.9689,23.2717,29.44,77,40,12.66
288,Sai Buri,TH,2022-01-24 15:47:29,6.7013,101.6168,75.79,81,88,4.61
289,La Orilla,MX,2022-01-24 15:47:30,17.9833,-102.2333,78.66,56,51,4.09
290,Mount Darwin,ZW,2022-01-24 15:47:30,-16.7725,31.5838,66.94,92,100,9.66
291,The Valley,AI,2022-01-24 15:47:31,18.217,-63.0578,84.06,78,75,14.97
292,Derzhavinsk,KZ,2022-01-24 15:47:31,51.1,66.3167,-3.84,95,5,5.75
293,Poum,NC,2022-01-24 15:47:32,-20.2333,164.0167,78.85,72,15,14.09
294,Komsomolskiy,UZ,2022-01-24 15:47:32,40.4272,71.7189,33.22,69,45,4.61
295,Artsyz,UA,2022-01-24 15:47:32,45.9919,29.4182,28.47,56,100,21.03
296,Geraldton,AU,2022-01-24 15:47:33,-28.7667,114.6,73.81,60,1,16.11
297,Lagoa,PT,2022-01-24 15:47:33,39.05,-27.9833,58.3,65,96,4.74
298,Nanortalik,GL,2022-01-24 15:47:34,60.1432,-45.2371,27.28,88,100,3.53
299,Taoudenni,ML,2022-01-24 15:47:34,22.6783,-3.9836,81.07,12,23,12.21
300,Villa Carlos Paz,AR,2022-01-24 15:47:34,-31.4241,-64.4978,81.25,77,100,5.37
301,Longyearbyen,SJ,2022-01-24 15:47:35,78.2186,15.6401,17.44,73,75,17.27
302,Vardo,NO,2022-01-24 15:47:35,70.3705,31.1107,30.4,74,0,24.16
303,Escanaba,US,2022-01-24 15:44:33,45.7453,-87.0646,11.68,75,100,6.91
304,Coahuayana,MX,2022-01-24 15:47:36,18.7333,-103.6833,82.89,36,83,1.45
305,Karratha,AU,2022-01-24 15:47:36,-20.7377,116.8463,84.29,74,12,15.75
306,Mana,GF,2022-01-24 15:47:37,5.6592,-53.7767,79.65,77,63,9.69
307,Mackenzie,CA,2022-01-24 15:47:37,55.2999,-123.1698,14.22,92,100,3.44
308,Bilibino,RU,2022-01-24 15:47:37,68.0546,166.4372,-41.28,100,100,1.86
309,Basco,PH,2022-01-24 15:47:38,20.4487,121.9702,75.74,81,93,22.57
310,Leh,IN,2022-01-24 15:47:39,34.1667,77.5833,2.05,86,83,2.68
311,Kirakira,SB,2022-01-24 15:47:39,-10.4544,161.9205,80.17,85,63,4.38
312,Kingaroy,AU,2022-01-24 15:47:39,-26.5333,151.8333,68.04,94,40,1.14
313,Sibenik,HR,2022-01-24 15:47:40,43.7272,15.9058,39.54,26,0,5.01
314,San Cristobal,VE,2022-01-24 15:47:40,7.7669,-72.225,75.38,50,65,6.62
315,Ibiruba,BR,2022-01-24 15:47:41,-28.6275,-53.0897,105.21,22,44,4.05
316,Anadyr,RU,2022-01-24 15:47:41,64.75,177.4833,-23.3,76,20,11.18
317,Mar Del Plata,AR,2022-01-24 15:45:42,-38.0023,-57.5575,86.02,54,40,12.66
318,Korla,CN,2022-01-24 15:47:42,41.7597,86.1469,27.18,55,100,1.92
319,Havelock,US,2022-01-24 15:47:42,34.8791,-76.9013,48.06,58,0,7.0
320,Kulhudhuffushi,MV,2022-01-24 15:47:43,6.6221,73.07,80.8,62,94,12.03
321,Harrisburg,US,2022-01-24 15:43:38,40.2737,-76.8844,30.51,66,0,1.99
322,Conde,BR,2022-01-24 15:47:43,-7.2597,-34.9075,87.26,51,40,9.22
323,Narasannapeta,IN,2022-01-24 15:47:44,18.4167,84.05,73.83,78,59,1.19
324,Puerto Escondido,MX,2022-01-24 15:47:44,15.85,-97.0667,82.33,49,0,2.26
325,Nhulunbuy,AU,2022-01-24 15:48:45,-12.2333,136.7667,79.41,94,99,0.0
326,Samarai,PG,2022-01-24 15:48:45,-10.6167,150.6667,82.44,77,52,10.8
327,Klaksvik,FO,2022-01-24 15:48:45,62.2266,-6.589,40.12,79,100,14.07
328,Takoradi,GH,2022-01-24 15:48:46,4.8845,-1.7554,83.71,65,50,10.8
329,Chapais,CA,2022-01-24 15:48:46,49.7834,-74.8492,-13.22,93,100,7.63
330,Puerto Baquerizo Moreno,EC,2022-01-24 15:48:47,-0.9,-89.6,76.19,83,75,16.11
331,Shingu,JP,2022-01-24 15:48:47,33.7333,135.9833,37.92,68,58,5.1
332,Tongren,CN,2022-01-24 15:48:47,27.7172,109.1853,37.85,97,100,2.51
333,Bembereke,BJ,2022-01-24 15:48:48,10.2283,2.6634,90.81,9,4,6.08
334,Lazaro Cardenas,MX,2022-01-24 15:46:19,17.9583,-102.2,78.6,57,50,3.96
335,Penzance,GB,2022-01-24 15:46:46,50.1186,-5.5371,46.47,81,75,10.36
336,Okmulgee,US,2022-01-24 15:48:48,35.6234,-95.9605,50.72,57,0,0.0
337,Dingle,PH,2022-01-24 15:48:49,10.9995,122.6711,74.84,92,100,8.28
338,Mercedes,AR,2022-01-24 15:48:49,-34.6515,-59.4307,87.51,48,61,1.07
339,Sabang,ID,2022-01-24 15:48:49,5.8933,95.3214,81.0,73,69,8.93
340,Plainview,US,2022-01-24 15:48:50,40.7765,-73.4673,31.51,69,75,3.0
341,Ahipara,NZ,2022-01-24 15:48:50,-35.1667,173.1667,66.47,93,100,11.83
342,Maragogi,BR,2022-01-24 15:46:16,-9.0122,-35.2225,85.3,62,94,11.74
343,Rath,IN,2022-01-24 15:48:51,25.5833,79.5667,55.98,58,0,4.72
344,Tygda,RU,2022-01-24 15:48:51,53.1167,126.3333,-10.01,99,6,2.37
345,Sur,OM,2022-01-24 15:48:51,22.5667,59.5289,69.22,63,0,11.97
346,Bhum,IN,2022-01-24 15:48:52,18.4667,75.6667,66.33,37,2,7.96
347,Araouane,ML,2022-01-24 15:48:52,18.9048,-3.5265,80.22,7,45,15.48
348,Tevriz,RU,2022-01-24 15:48:53,57.509,72.4042,11.91,93,100,5.5
349,Iqaluit,CA,2022-01-24 15:48:53,63.7506,-68.5145,-13.27,69,100,5.99
350,Hays,US,2022-01-24 15:48:54,30.0502,-98.0336,50.29,82,100,7.63
351,Severo-Yeniseyskiy,RU,2022-01-24 15:48:54,60.3725,93.0408,-2.85,99,100,2.91
352,Lavrentiya,RU,2022-01-24 15:48:55,65.5833,-171.0,5.92,94,100,3.74
353,Micheweni,TZ,2022-01-24 15:48:55,-4.9667,39.8333,80.65,78,78,18.99
354,Grand Forks,US,2022-01-24 15:48:55,47.9417,-97.4337,-6.21,77,20,12.66
355,Kurchum,KZ,2022-01-24 15:48:56,48.5722,83.6542,-13.79,96,73,3.04
356,Morondava,MG,2022-01-24 15:48:56,-20.2833,44.2833,84.52,73,99,11.88
357,San Rafael,AR,2022-01-24 15:48:14,-34.6177,-68.3301,78.64,56,93,6.71
358,Makhu,IN,2022-01-24 15:48:57,31.1033,74.9978,48.58,87,1,2.33
359,Pangnirtung,CA,2022-01-24 15:48:57,66.1451,-65.7125,10.4,67,100,25.32
360,Rawson,AR,2022-01-24 15:48:58,-43.3002,-65.1023,72.19,34,0,11.68
361,Orlik,RU,2022-01-24 15:48:58,52.5178,99.825,-3.57,93,100,2.73
362,Luderitz,NA,2022-01-24 15:48:58,-26.6481,15.1594,83.43,52,50,19.01
363,Ozernovskiy,RU,2022-01-24 15:48:59,51.5,156.5167,23.99,69,100,10.27
364,Koslan,RU,2022-01-24 15:48:59,63.4564,48.8989,23.04,91,100,11.95
365,Luwuk,ID,2022-01-24 15:48:59,-0.9516,122.7875,77.63,84,52,4.83
366,Laguna,US,2022-01-24 15:49:00,38.421,-121.4238,53.01,93,0,3.44
367,Planadas,CO,2022-01-24 15:49:00,3.197,-75.6451,73.83,74,96,4.45
368,Karasjok,NO,2022-01-24 15:49:00,69.4719,25.5112,28.51,87,78,11.7
369,Massakory,TD,2022-01-24 15:49:01,12.996,15.7293,84.0,9,0,11.61
370,Nizhnyaya Tura,RU,2022-01-24 15:49:01,58.6293,59.8118,10.58,92,30,7.23
371,Aban,RU,2022-01-24 15:49:02,56.67,96.06,4.17,97,100,4.16
372,Narok,KE,2022-01-24 15:50:02,-1.0783,35.8601,67.1,61,100,1.21
373,Kenai,US,2022-01-24 15:50:03,60.5544,-151.2583,37.45,89,100,13.8
374,Riosucio,CO,2022-01-24 15:50:03,5.4216,-75.7032,70.23,80,90,1.72
375,Kargil,IN,2022-01-24 15:50:03,34.5667,76.1,9.16,96,100,2.68
376,San Jose De Guanipa,VE,2022-01-24 15:50:04,8.8872,-64.1651,86.72,39,16,10.74
377,Marsaxlokk,MT,2022-01-24 15:50:04,35.8419,14.5431,54.09,81,75,9.22
378,Arcata,US,2022-01-24 15:50:05,40.8665,-124.0828,36.21,93,0,5.75
379,Haines Junction,CA,2022-01-24 15:50:05,60.7522,-137.5108,17.33,98,100,4.0
380,Sagua La Grande,CU,2022-01-24 15:50:05,22.8067,-80.0756,71.1,58,0,11.12
381,Sawtell,AU,2022-01-24 15:50:06,-30.3833,153.1,71.19,93,100,6.91
382,Dawlatabad,AF,2022-01-24 15:50:06,36.4141,64.9053,38.71,56,0,1.43
383,Kamiiso,JP,2022-01-24 15:50:06,41.8167,140.65,24.55,80,8,4.05
384,Borogontsy,RU,2022-01-24 15:50:07,62.6683,131.1683,-16.13,99,100,3.58
385,Polis,CY,2022-01-24 15:50:07,35.0367,32.4264,49.82,63,6,2.86
386,Pochutla,MX,2022-01-24 15:50:08,15.7432,-96.4661,82.81,45,0,3.33
387,Port Lincoln,AU,2022-01-24 15:50:08,-34.7333,135.8667,68.94,88,66,5.7
388,Winburg,ZA,2022-01-24 15:50:08,-28.518,27.0093,79.72,25,1,4.76
389,Vangaindrano,MG,2022-01-24 15:50:09,-23.35,47.6,74.79,85,99,14.56
390,Brewster,US,2022-01-24 15:50:09,41.3973,-73.6171,29.3,66,40,1.01
391,Mayma,RU,2022-01-24 15:50:09,52.0197,85.9114,-5.46,99,69,4.41
392,Bartlett,US,2022-01-24 15:50:10,35.2045,-89.874,48.15,66,0,1.99
393,Bilma,NE,2022-01-24 15:50:10,18.6853,12.9164,69.42,14,0,9.8
394,Mao,ES,2022-01-24 15:50:11,39.8885,4.2658,54.16,66,20,11.5
395,Kamen-Na-Obi,RU,2022-01-24 15:50:11,53.7884,81.3423,-11.34,100,89,2.57
396,High Level,CA,2022-01-24 15:45:26,58.5169,-117.136,5.11,78,75,0.0
397,Lumut,MY,2022-01-24 15:50:11,4.2323,100.6298,78.82,83,20,1.14
398,Waitati,NZ,2022-01-24 15:50:12,-45.75,170.5667,57.79,92,80,2.13
399,Abu Samrah,SY,2022-01-24 15:50:12,35.3029,37.1841,40.03,75,53,9.98
400,Batagay,RU,2022-01-24 15:50:13,67.6333,134.6333,-16.17,99,100,1.99
401,Selestat,FR,2022-01-24 15:50:13,48.2598,7.4565,42.73,70,0,2.3
402,Urubicha,BO,2022-01-24 15:50:14,-15.3833,-62.95,95.43,39,32,2.3
403,Le Port,RE,2022-01-24 15:50:14,-20.9373,55.2919,78.8,80,43,5.26
404,Lucea,JM,2022-01-24 15:50:14,18.451,-78.1736,81.86,69,15,9.55
405,Yablonovo,RU,2022-01-24 15:50:15,50.8523,37.3574,21.06,93,100,11.25
406,Lang Son,VN,2022-01-24 15:50:15,21.8333,106.7333,61.77,93,21,3.98
407,Balkanabat,TM,2022-01-24 15:50:15,39.5108,54.3671,46.24,45,0,8.46
408,Kahului,US,2022-01-24 15:49:53,20.8947,-156.47,71.83,76,0,10.36
409,Verkhnyaya Toyma,RU,2022-01-24 15:50:16,62.2349,44.9985,23.63,92,100,10.71
410,Saint-Joseph,RE,2022-01-24 15:50:16,-21.3667,55.6167,77.38,74,65,17.67
411,Surt,LY,2022-01-24 15:50:17,31.2089,16.5887,55.63,66,87,13.65
412,Praia Da Vitoria,PT,2022-01-24 15:50:17,38.7333,-27.0667,62.76,77,20,5.12
413,Matagami,CA,2022-01-24 15:47:35,49.7502,-77.6328,-9.29,77,75,4.61
414,Nouakchott,MR,2022-01-24 15:49:11,18.0858,-15.9785,89.53,21,99,15.39
415,Klyuchi,RU,2022-01-24 15:50:18,52.2667,79.1667,-5.42,100,99,2.46
416,Frolishchi,RU,2022-01-24 15:50:18,56.4211,42.6533,3.29,100,49,2.73
417,Adre,TD,2022-01-24 15:50:18,13.4667,22.2,81.28,16,10,4.68
418,Elmina,GH,2022-01-24 15:50:19,5.0898,-1.348,84.6,63,46,11.56
419,Lebyazhye,RU,2022-01-24 15:50:19,55.2689,66.4947,4.93,91,100,7.4
420,Yeniseysk,RU,2022-01-24 15:51:20,58.4497,92.1703,8.1,96,100,3.09
421,Leningradskiy,RU,2022-01-24 15:51:20,69.3833,178.4167,-23.94,83,82,8.01
422,Barguzin,RU,2022-01-24 15:51:20,53.6167,109.6167,6.26,95,100,1.77
423,Timbiqui,CO,2022-01-24 15:51:21,2.7717,-77.6654,80.47,82,95,7.72
424,Whitehaven,GB,2022-01-24 15:51:21,54.549,-3.5841,42.85,96,56,1.01
425,At-Bashi,KG,2022-01-24 15:51:22,41.1702,75.8106,-3.05,82,6,3.0
426,Tazovskiy,RU,2022-01-24 15:51:22,67.4667,78.7,-2.18,98,63,9.57
427,Lata,PT,2022-01-24 15:51:22,40.1629,-8.3327,61.03,46,0,2.8
428,Jadu,LY,2022-01-24 15:51:23,31.953,12.0261,46.65,63,100,7.94
429,Naron,ES,2022-01-24 15:51:23,43.5167,-8.1528,56.25,65,11,3.74
430,Sotnikovo,RU,2022-01-24 15:51:23,51.8845,107.4791,-5.71,77,40,2.24
431,Glenwood Springs,US,2022-01-24 15:46:59,39.5505,-107.3248,33.03,49,0,3.44
432,Maniitsoq,GL,2022-01-24 15:51:24,65.4167,-52.9,26.06,75,100,15.41
433,Manjacaze,MZ,2022-01-24 15:51:24,-24.7117,33.8828,76.96,77,94,10.18
434,Margate,GB,2022-01-24 15:51:25,51.3813,1.3862,41.31,78,75,1.01
435,Olinda,BR,2022-01-24 15:49:10,-8.0089,-34.8553,85.73,62,40,9.22
436,Paamiut,GL,2022-01-24 15:51:25,61.994,-49.6678,27.95,97,100,17.74
437,Kaeo,NZ,2022-01-24 15:51:26,-35.1,173.7833,69.33,91,90,11.03
438,Harper,LR,2022-01-24 15:51:26,4.375,-7.7169,84.02,62,3,12.1
439,Tura,IN,2022-01-24 15:51:27,25.5198,90.2201,55.92,90,27,2.77
440,Talaya,RU,2022-01-24 15:51:27,61.3833,152.75,-33.34,100,100,1.25
441,Prince Rupert,CA,2022-01-24 15:51:27,54.3161,-130.3201,37.49,93,100,3.44
442,Bayan,CN,2022-01-24 15:51:28,46.0833,127.4,-2.38,98,97,2.15
443,Santa Cruz,BO,2022-01-24 15:51:28,-17.8,-63.1667,89.65,51,75,13.8
444,Nelson Bay,AU,2022-01-24 15:51:28,-32.7167,152.15,69.85,90,57,3.74
445,Tokomaru,NZ,2022-01-24 15:51:29,-40.4667,175.5,65.37,96,79,0.81
446,Alyangula,AU,2022-01-24 15:51:29,-13.8483,136.4192,80.47,100,40,1.14
447,Vao,NC,2022-01-24 15:51:30,-22.6667,167.4833,77.13,66,100,3.74
448,Raga,SS,2022-01-24 15:51:30,8.4596,25.678,85.17,18,38,5.06
449,Rochefort,FR,2022-01-24 15:51:30,45.9167,-1.0,53.71,69,0,1.99
450,Faya,SA,2022-01-24 15:51:31,18.3851,42.4509,62.71,48,0,5.57
451,Da Nang,VN,2022-01-24 15:51:31,16.0678,108.2208,73.45,94,75,2.3
452,Scarborough,GB,2022-01-24 15:51:06,54.2797,-0.4044,43.09,86,0,1.01
453,Kysyl-Syr,RU,2022-01-24 15:51:32,63.8986,122.7617,-3.23,99,97,4.94
454,Ballina,AU,2022-01-24 15:51:32,-28.8667,153.5667,71.78,90,75,3.44
455,Solnechnyy,RU,2022-01-24 15:51:32,50.7214,136.6319,-11.54,97,51,3.2
456,Marzuq,YE,2022-01-24 15:51:33,14.4,46.4667,68.85,40,22,4.36
457,Gizo,SB,2022-01-24 15:51:33,-8.103,156.8419,82.78,79,19,9.6
458,Belmonte,BR,2022-01-24 15:51:33,-15.8631,-38.8828,84.7,62,93,8.9
459,Warwick,US,2022-01-24 15:48:02,41.7001,-71.4162,32.14,66,75,8.05
460,Skibotn,NO,2022-01-24 15:51:34,69.3913,20.2679,30.29,92,100,9.01
461,Isangel,VU,2022-01-24 15:51:35,-19.55,169.2667,77.11,88,27,3.44
462,Necochea,AR,2022-01-24 15:51:35,-38.5473,-58.7368,79.03,43,0,11.36
463,Murdochville,CA,2022-01-24 15:51:35,48.9583,-65.5006,7.21,51,2,2.8
464,Dhidhdhoo,MV,2022-01-24 15:51:36,6.8833,73.1,80.89,62,100,13.04
465,Teya,RU,2022-01-24 15:51:36,60.3778,92.6267,1.4,99,100,2.62
466,Evensk,RU,2022-01-24 15:51:36,61.95,159.2333,-5.84,84,100,5.59
467,Ko Samui,TH,2022-01-24 15:51:37,9.5357,99.9357,80.8,71,27,5.91
468,Golaghat,IN,2022-01-24 15:51:37,26.5167,93.9667,57.58,85,93,0.83
469,Urumqi,CN,2022-01-24 15:52:38,43.801,87.6005,9.55,92,100,2.24
470,Naryan-Mar,RU,2022-01-24 15:52:38,67.6713,53.087,18.54,93,100,23.8
471,Ajaccio,FR,2022-01-24 15:52:38,42.0,8.9167,51.96,62,0,4.61
472,Santa Rosa,PH,2022-01-24 15:52:39,14.3122,121.1114,80.58,75,27,8.81
473,Peniche,PT,2022-01-24 15:52:39,39.3558,-9.3811,62.29,61,0,12.35
474,Hamilton,US,2022-01-24 15:50:30,39.1834,-84.5333,28.63,78,100,1.01
475,Touba,CI,2022-01-24 15:52:40,8.2833,-7.6833,92.37,10,62,5.59
476,Aleksinac,RS,2022-01-24 15:52:40,43.5417,21.7078,25.09,95,83,4.68
477,Pedernales,DO,2022-01-24 15:52:41,18.0384,-71.744,79.9,56,0,4.88
478,Poddorye,RU,2022-01-24 15:52:41,57.4695,31.1156,19.8,87,75,11.16
479,Asuncion,PY,2022-01-24 15:51:01,-25.3007,-57.6359,103.89,29,20,5.75
480,Sorland,NO,2022-01-24 15:52:41,67.667,12.6934,30.27,61,100,30.29
481,Marabba,SD,2022-01-24 15:52:42,12.35,32.1833,83.59,13,34,11.18
482,Hovd,MN,2022-01-24 15:52:42,48.0056,91.6419,-6.63,82,16,5.88
483,Bahia Blanca,AR,2022-01-24 15:48:12,-38.7196,-62.2724,85.75,21,0,6.6
484,Neiafu,TO,2022-01-24 15:52:43,-18.65,-173.9833,77.68,94,40,0.0
485,Nome,US,2022-01-24 15:49:45,64.5011,-165.4064,24.87,86,100,11.5
486,Santa Isabel,BR,2022-01-24 15:52:43,-23.3156,-46.2214,91.65,51,52,3.06
487,Juneau,US,2022-01-24 15:48:02,58.3019,-134.4197,40.84,95,75,12.66
488,Spornoye,RU,2022-01-24 15:52:44,50.8448,37.2913,21.22,94,100,11.39
489,Uusikaupunki,FI,2022-01-24 15:52:44,60.8004,21.4084,36.12,94,32,7.18
490,Sao Jose Da Coroa Grande,BR,2022-01-24 15:52:45,-8.8978,-35.1478,85.33,61,92,11.18
491,Concarneau,FR,2022-01-24 15:52:45,47.875,-3.9225,38.19,75,0,6.29
492,Alice,US,2022-01-24 15:52:45,27.7523,-98.0697,50.4,96,100,11.5
493,Gamba,GA,2022-01-24 15:52:46,-2.65,10.0,80.55,73,26,8.57
494,Vila Franca Do Campo,PT,2022-01-24 15:52:46,37.7167,-25.4333,65.19,66,47,5.77
495,Muli,MV,2022-01-24 15:52:48,2.9167,73.5667,81.73,65,90,13.38
496,Fougamou,GA,2022-01-24 15:52:48,-1.2154,10.5838,85.35,63,59,1.21
497,San Jeronimo,PE,2022-01-24 15:52:49,-11.9472,-75.2829,57.15,66,96,4.36
498,Dunedin,NZ,2022-01-24 15:52:49,-45.8742,170.5036,57.79,92,77,2.89
499,Moshenskoye,RU,2022-01-24 15:52:49,58.5102,34.5911,18.54,89,44,10.2
500,Ullapool,GB,2022-01-24 15:52:50,57.8987,-5.1604,50.95,96,100,0.85
501,Maceio,BR,2022-01-24 15:52:50,-9.6658,-35.7353,92.64,52,75,10.36
502,Gorno-Altaysk,RU,2022-01-24 15:52:50,51.9561,85.955,-4.32,99,71,4.68
503,Puke,AL,2022-01-24 15:52:51,42.0444,19.8997,26.69,62,20,10.29
504,Roald,NO,2022-01-24 15:52:51,62.5833,6.1333,42.01,87,75,11.5
505,Sapulpa,US,2022-01-24 15:52:51,35.9987,-96.1142,50.65,50,0,4.61
506,Saint-Gaudens,FR,2022-01-24 15:52:52,43.0833,0.6667,53.33,69,0,1.9
507,Dergachi,RU,2022-01-24 15:52:52,51.2328,48.7659,10.85,91,100,9.08
508,Peterhead,GB,2022-01-24 15:52:53,57.5058,-1.7981,50.4,84,84,3.98
509,Walvis Bay,NA,2022-01-24 15:52:53,-22.9575,14.5053,94.15,31,25,14.97
510,Trairi,BR,2022-01-24 15:52:53,-3.2778,-39.2689,86.74,58,94,11.18
511,Chambersburg,US,2022-01-24 15:51:59,39.9376,-77.6611,31.77,51,25,1.01
512,Mileanca,RO,2022-01-24 15:52:54,48.0833,26.7,21.27,76,34,12.75
513,Bubaque,GW,2022-01-24 15:52:54,11.2833,-15.8333,78.94,57,59,9.17
514,Waingapu,ID,2022-01-24 15:52:55,-9.6567,120.2641,78.71,81,36,7.81
515,San Angelo,US,2022-01-24 15:52:55,31.4638,-100.437,49.96,69,74,1.99
516,Nuevo Laredo,MX,2022-01-24 15:52:55,27.4763,-99.5164,49.98,93,100,0.0
517,Kapitanivka,UA,2022-01-24 15:53:56,48.9172,31.7167,20.57,92,100,16.35
518,Henties Bay,NA,2022-01-24 15:53:56,-22.116,14.2845,78.85,67,7,12.41
519,Andenes,NO,2022-01-24 15:53:56,69.3143,16.1194,30.18,69,75,27.63
520,Alice Springs,AU,2022-01-24 15:49:43,-23.7,133.8833,81.95,57,75,11.5
521,Arraial Do Cabo,BR,2022-01-24 15:53:57,-22.9661,-42.0278,87.76,65,0,20.71
522,Ostrovnoy,RU,2022-01-24 15:53:57,68.0531,39.5131,34.23,96,100,24.87
523,Petropavlovsk-Kamchatskiy,RU,2022-01-24 15:53:58,53.0452,158.6483,0.19,66,40,6.71
524,Pisco,PE,2022-01-24 15:51:28,-13.7,-76.2167,76.01,73,0,8.05
525,Felanitx,ES,2022-01-24 15:53:59,39.4696,3.1483,56.95,73,45,10.49
526,Porto-Vecchio,FR,2022-01-24 15:53:59,41.591,9.2795,56.86,62,100,4.61
527,Xichang,CN,2022-01-24 15:53:59,27.8964,102.2634,46.09,73,47,1.95
528,Ugoofaaru,MV,2022-01-24 15:54:00,5.6667,73.0,81.1,61,100,11.52
529,Civitavecchia,IT,2022-01-24 15:54:00,42.0933,11.7967,57.81,56,7,3.62
530,Xai-Xai,MZ,2022-01-24 15:54:00,-25.0519,33.6442,77.76,75,55,11.74
531,Tiznit,MA,2022-01-24 15:54:01,29.5833,-9.5,63.3,57,15,11.41
532,Talnakh,RU,2022-01-24 15:54:01,69.4865,88.3972,-5.33,98,100,10.74
533,Chicama,PE,2022-01-24 15:54:02,-7.8447,-79.1469,64.94,63,55,10.25
534,Kitimat,CA,2022-01-24 15:54:02,54.0524,-128.6534,37.78,31,100,3.09
535,Fort-Shevchenko,KZ,2022-01-24 15:54:02,44.5086,50.263,37.96,67,100,19.24
536,Khovu-Aksy,RU,2022-01-24 15:54:03,51.1333,93.6,-5.28,95,100,1.79
537,Kyrylivka,UA,2022-01-24 15:54:03,46.3759,35.3675,31.01,96,100,12.3
538,Gravdal,NO,2022-01-24 15:54:04,68.1214,13.5031,30.09,74,75,27.63
539,Kolokani,ML,2022-01-24 15:54:04,13.5728,-8.0339,88.84,6,26,12.08
540,General Roca,AR,2022-01-24 15:54:04,-39.0333,-67.5833,79.2,26,0,6.67
541,Champasak,LA,2022-01-24 15:54:05,14.75,106.0,73.6,65,43,0.51
542,Lienz,AT,2022-01-24 15:54:05,46.8289,12.769,44.11,89,6,3.74
543,Fairview,US,2022-01-24 15:54:06,40.8126,-73.999,31.42,65,100,4.61
544,Bolgatanga,GH,2022-01-24 15:54:06,10.7856,-0.8514,92.55,8,0,7.78
545,Piriyapatna,IN,2022-01-24 15:54:07,12.3397,76.0992,61.95,82,64,5.55
546,Moerai,PF,2022-01-24 15:54:07,-22.4333,-151.3333,79.56,82,100,18.97
547,Souillac,MU,2022-01-24 15:54:08,-20.5167,57.5167,79.18,69,40,13.8
548,Kidal,ML,2022-01-24 15:54:08,18.4411,1.4078,78.24,9,0,15.26
549,Turkistan,KZ,2022-01-24 15:54:08,43.0,68.0,31.32,68,0,5.55
550,Manica,FR,2022-01-24 15:54:09,49.0,-1.1667,44.01,79,0,4.38
551,Harlingen,US,2022-01-24 15:54:02,26.1906,-97.6961,51.89,99,100,7.63
552,Itupiranga,BR,2022-01-24 15:54:09,-5.1347,-49.3267,86.32,73,97,4.68
553,Mbala,ZM,2022-01-24 15:54:10,-8.8402,31.3659,62.85,92,95,2.17
554,Umm Lajj,SA,2022-01-24 15:54:10,25.0213,37.2685,67.08,54,4,16.67
555,Bowen,AU,2022-01-24 15:54:11,-20.0167,148.2333,73.62,71,100,11.34
556,Povoa De Varzim,PT,2022-01-24 15:54:11,41.3834,-8.7636,57.24,62,0,8.05
557,Liepaja,LV,2022-01-24 15:54:12,56.5419,21.0367,39.25,87,100,16.11
558,Tra Vinh,VN,2022-01-24 15:54:12,9.9347,106.3453,76.15,85,78,6.76
559,Ulladulla,AU,2022-01-24 15:55:12,-35.35,150.4667,67.87,87,100,3.11
560,Sabratah,LY,2022-01-24 15:55:13,32.7933,12.4885,56.05,55,14,9.69
561,Najran,SA,2022-01-24 15:55:13,17.4924,44.1277,72.25,26,0,7.2
562,Coihueco,CL,2022-01-24 15:55:14,-36.6167,-71.8333,72.34,53,0,10.36
563,Charlottesville,US,2022-01-24 15:55:14,38.0293,-78.4767,40.06,59,64,3.0
564,Fez,MA,2022-01-24 15:55:14,34.0372,-4.9998,68.11,51,75,8.05
565,Washougal,US,2022-01-24 15:51:12,45.5826,-122.3534,36.09,93,0,3.44
566,Naze,JP,2022-01-24 15:55:15,28.3667,129.4833,60.85,80,81,7.76
567,Nioro,GM,2022-01-24 15:55:15,13.35,-15.75,97.84,7,56,7.99
568,Pietermaritzburg,ZA,2022-01-24 15:55:16,-29.6168,30.3928,74.68,75,8,3.87
569,Alofi,NU,2022-01-24 15:55:17,-19.0595,-169.9187,71.49,100,40,1.14
570,Port Moresby,PG,2022-01-24 15:55:17,-9.4431,147.1797,76.42,100,75,3.44
571,Aksum,ET,2022-01-24 15:55:17,14.1245,38.7244,69.49,27,57,5.12
572,Levelland,US,2022-01-24 15:55:18,33.5873,-102.378,40.19,42,0,11.61
573,Yonezawa,JP,2022-01-24 15:55:18,37.9167,140.1167,18.81,94,54,2.04
574,Camocim,BR,2022-01-24 15:55:19,-2.9022,-40.8411,87.87,54,80,14.7
575,Freeport,US,2022-01-24 15:51:00,40.6576,-73.5832,32.02,69,75,4.0
576,Mahibadhoo,MV,2022-01-24 15:55:19,3.7833,72.9667,81.07,65,85,13.0
577,Banepa,NP,2022-01-24 15:55:19,27.6298,85.5214,48.52,76,75,3.44
578,Marrakesh,MA,2022-01-24 15:52:26,31.6315,-8.0083,68.07,45,75,4.61
579,Waterloo,CA,2022-01-24 15:51:02,43.4668,-80.5164,17.47,86,100,5.01
580,Kloulklubed,PW,2022-01-24 15:55:18,7.0419,134.2556,83.12,79,100,18.05
581,Delijan,IR,2022-01-24 15:55:20,33.9905,50.6838,41.72,36,0,1.81
582,Acapulco,MX,2022-01-24 15:53:24,16.8634,-99.8901,80.92,51,2,0.69
583,Alta Floresta,BR,2022-01-24 15:55:21,-9.8756,-56.0861,87.62,66,20,2.3
584,Lujiang,CN,2022-01-24 15:55:21,31.2581,117.2817,35.65,97,100,5.59
585,Assiniboia,CA,2022-01-24 15:55:21,49.6334,-105.9845,3.56,91,100,4.45
586,Salinas,US,2022-01-24 15:55:22,36.6777,-121.6555,54.97,59,0,3.33
587,Am Timan,TD,2022-01-24 15:55:22,11.0297,20.2827,90.39,14,27,2.06
588,Yar-Sale,RU,2022-01-24 15:52:42,66.8333,70.8333,0.19,95,7,10.67
